<?xml version="1.0" encoding="UTF-8" standalone="yes"?>
<addon id="MC.Portal" name="[COLOR khaki]MCPortal[/COLOR]" version="1.0.1" provider-name="MCPortal">
  <requires>
    <import addon="xbmc.python" version="2.1.0"/>
  </requires>
  <extension point="xbmc.python.pluginsource" library="default.py">
    <provides>executable</provides>
  </extension>
  <extension point="xbmc.service" library="startup.py" start="startup" />
  <extension point="xbmc.addon.metadata">
    <summary lang="en">Installer And Maintenance Addon.</summary>
    <description lang="en">If you do not like this addon then may I suggest that you kindly move along!</description>
    <platform>all</platform>
  </extension>
</addon>