<?xml version="1.0" encoding="UTF-8" standalone="yes"?>
<addon id="repository.MCPortal" name="[COLOR khaki]MCPortal Repository[/COLOR]" version="1.0.0" provider-name="MCPortal">
	<extension point="xbmc.addon.repository" name="MCPortal">
		<info compressed="false">https://github.com/MCPortal2017/repository.MCPortal/raw/master/addons.xml</info>
		<checksum>https://github.com/MCPortal2017/repository.MCPortal/raw/master/addons.xml.md5</checksum>
		<datadir zip="true">https://github.com/MCPortal2017/repository.MCPortal/raw/master/zips/</datadir>
	</extension>
	<extension point="xbmc.addon.metadata">
		<summary>MCPortal Media Centre Add-On</summary>
		<description>Addon And App Installer With A Multitude Of Media Centre Tools And Fixes</description>
		<platform>all</platform>
	</extension>
</addon>